{
    "id": "dots",
    "title": "Dots Pattern",
    "description": "Create a fancy dots pattern using loops and circles!",
    "code": "",
    "startAt": 1,
    "steps": [
        {
            "hint": "Set the background to red",
            "solution": "background red"
        },
        {
            "hint": "Set the stroke to 0",
            "solution": "stroke 0"
        },
        {
            "hint": "Set the color to yellow",
            "solution": "color yellow"
        },
        {
            "hint": "Now open a loop - **type** `for x in [ 0 .. 25 ]`",
            "solution": "for x in [ 0..25 ]"
        },
        {
            "hint": "Inside this loop, open a second loop - **type** `for y in [ 0 .. 25 ]`",
            "solution": "    for y in [ 0..25 ]"
        },
        {
            "hint": "Move around, **type** `moveTo x * 20, y * 20`",
            "solution": "        moveTo x * 20, y * 20",
            "validate": "        moveTo x *\\* *20,y *\\* *20"
        },
        {
            "hint": "Now for the dots - **type** `circle 6`",
            "solution": "        circle 6"
        }
    ],
    "completion_text": "Mathematical! Change the numbers and see what happens.",
    "cover": "dots.png",
    "index": 5,
    "hasNext": true
}