{
    "id": "random",
    "title": "Random!",
    "description": "Not sure where to put something - theres a function for that!",
    "startAt": 2,
    "steps": [
        {
            "hint": "Let's move the cursor somewhere random - **type** `moveTo (random 1, 500), (random 1, 500)`",
            "solution": "moveTo (random 1, 500), (random 1, 500)"
        },
        {
            "hint": "Set the color to red - **type** `color red`",
            "solution": "color red"
        },
        {
            "hint": "Now let's draw a circle in a random place - **type** `circle 200`",
            "solution": "circle 200"
        },
        {
            "hint": "Set the drawing color to green",
            "solution": "color green"
        },
        {
            "hint": "Now draw a circle with size 150",
            "solution": "circle 150"
        },
        {
            "hint": "Set the color to yellow",
            "solution": "color yellow"
        },
        {
            "hint": "Now draw a circle with size 100",
            "solution": "circle 100"
        },
        {
            "hint": "Set the color to blue",
            "solution": "color blue"
        },
        {
            "hint": "Finish it of with a circle with a size of 50",
            "solution": "circle 50"
        }
    ],
    "completion_text": "Random functions give us a random number so we can put things in a surprise spot.",
    "cover": "random.png",
    "index": 2,
    "hasNext": true
}