{
    "id": "sweden",
    "title": "Swedish flag",
    "description": "A flag challenge with two crossing rectangles!",
    "code": "",
    "startAt": 2,
    "steps": [
        {
            "hint": "Set the background to blue - **type** `background blue`",
            "solution": "background blue"
        },
        {
            "hint": "Set the drawing color to yellow - **type** `color yellow`",
            "solution": "color yellow"
        },
        {
            "hint": "Set the stroke to 0, to avoid drawing outlines - in a new line, **type** `stroke 0`",
            "solution": "stroke 0"
        },
        {
            "hint": "Move to the top and left - in a new line, **type** `moveTo 150`",
            "solution": "moveTo 150"
        },
        {
            "hint": "Draw your first rectangle - **type** `rectangle 50, 500`",
            "solution": "rectangle 50, 500"
        },
        {
            "hint": "Move to the left and down - in a new line, **type** `moveTo 0, 150`",
            "solution": "moveTo 0, 150"
        },
        {
            "hint": "Draw another rectangle with width 500 and height 50 - in a new line, **type** `rectangle 500, 50`",
            "solution": "rectangle 500, 50"
        }
    ],
    "completion_text": "Cool beans - enough of flags, let's try something else!",
    "cover": "flag-sweden.png",
    "index": 1,
    "hasNext": false
}