{
    "challenges": [
        {
            "id": "skull",
            "title": "Skull",
            "cover": "mischiefweek2015/mw-001-skull.png",
            "index": 1,
            "hasNext": true,
            "start_date": "2015-10-26T06:00:00"
        },
        {
            "id": "cat",
            "title": "Spooky Cat",
            "cover": "mischiefweek2015/mw-002-cat.png",
            "index": 2,
            "hasNext": true,
            "start_date": "2015-10-27T06:00:00"
        },
        {
            "id": "pumpkin",
            "title": "Kan-o-lantern",
            "cover": "mischiefweek2015/mw-003-pumpkin.png",
            "index": 3,
            "hasNext": true,
            "start_date": "2015-10-28T06:00:00"
        },
        {
            "id": "potion",
            "title": "Potion Flask",
            "cover": "mischiefweek2015/mw-004-potion.png",
            "index": 4,
            "hasNext": true,
            "start_date": "2015-10-29T06:00:00"
        },
        {
            "id": "ghost",
            "title": "Ghost",
            "cover": "mischiefweek2015/mw-005-ghost.png",
            "index": 5,
            "hasNext": true,
            "start_date": "2015-10-30T06:00:00"
        },
        {
            "id": "spiderweb",
            "title": "Spider Web",
            "cover": "mischiefweek2015/mw-006-spiderweb.png",
            "index": 6,
            "hasNext": true,
            "start_date": "2015-10-31T06:00:00"
        },
        {
            "id": "hauntedhouse",
            "title": "Haunted House",
            "cover": "mischiefweek2015/mw-007-hauntedhouse.png",
            "index": 7,
            "hasNext": false,
            "start_date": "2015-11-01T06:00:00"
        }
    ],
    "id": "mischiefweek2015",
    "name": "Mischief Week",
    "description": "This is a Halloween dedicated world",
    "world_path": "worlds/mischiefweek2015",
    "cover": "world_covers/mischiefweek",
    "css_class": "mischiefweek2015",
    "type": "campaign",
    "share_strategy": "optional",
    "sales_popup_after": 2
}