{
    "id": "hoc-009-colorfrenzy",
    "title": "Color Frenzy",
    "description": "Use a loop to draw an 8-bit pattern.",
    "startAt": 2,
    "steps": [
        {
            "hint": "We’ll just use solid shapes with no stroke. So **type** `stroke 0`.",
            "solution": "stroke 0"
        },
        {
            "hint": "For this one lets use two loops, one to go horizontally across the screen, and one to go down vertically. **Type** `for x in [ 0 .. 20 ]`",
            "solution": "for x in [ 0 .. 20 ]"
        },
        {
            "hint": "The second loop should be `for y in [ 0 .. 20 ]`",
            "solution": "    for y in [ 0 .. 20 ]",
            "validate": "    for y in \\[ 0 .. 20 \\]"
        },
        {
            "hint": "Set the color with `color rotate red, x * 10`",
            "solution": "        color rotate red, x * 10",
            "validate": "        color rotate red, x \\* 10"
        },
        {
            "hint": "Move into position with `moveTo x * 25, y * 25`",
            "solution": "        moveTo x * 25, y * 25",
            "validate": "        moveTo x \\* 25, y \\* 25"
        },
        {
            "hint": "Finally, lets add some randomness to the mix. **Type** `square random 20, 25`",
            "solution": "        square random 20, 25",
            "validate": "        square random 20, 25"
        }
    ],
    "completion_text": "Well done! The random function will return a random value between 20 and 25. When combined with the loop it produces an interesting effect.",
    "cover": "hoc-009-colorfrenzy.png",
    "index": 9,
    "hasNext": true
}