{
    "id": "hoc-002-swissflag",
    "title": "Swiss Flag",
    "description": "Make the Swiss Flag with code",
    "code": "",
    "startAt": 2,
    "steps": [
        {
            "hint": "Now for something a little more challenging. We can make the background a solid color by **typing** `background red`.",
            "solution": "background red"
        },
        {
            "hint": "We’re going to draw lines, so we need to set a nice big stroke for them. **Type** `stroke 66`",
            "solution": "stroke 66"
        },
        {
            "hint": "Now let’s set the stroke color to white - on the second line **type** `stroke white`",
            "solution": "stroke white"
        },
        {
            "hint": "Let’s draw our first line. We have already set that it will be white and 66 pixels wide. We will draw a line of length 100 by **typing** `line 100`.",
            "solution": "line 100"
        },
        {
            "hint": "What a short, stubby line. It needs a friend. We’ll make its friend 100 pixels long too, but this time in the opposite direction. **Type** `line -100`.",
            "solution": "line -100"
        },
        {
            "hint": "Much better, now we need lines going up and down. But how are we going to do that? The line function can actually take two numbers. The first number controls where the horizontal position is, the second controls where the vertical position is. **Type** `line 0, 100`",
            "solution": "line 0, 100"
        },
        {
            "hint": "The line goes down! To go the other way we need to type **type** `line 0, -100`.",
            "solution": "line 0, -100"
        }
    ],
    "completion_text": "What a great flag! The Swiss are known for their great minimalist designs.",
    "cover": "hoc-002-swissflag.png",
    "index": 2,
    "hasNext": true
}