{
    "id": "hoc-003-variables",
    "title": "Variables",
    "description": "Variables",
    "code": "",
    "startAt": 2,
    "steps": [
        {
            "hint": "Now you’ll learn one of the most powerful spells in coding. But first let’s use what we know to get set up. We can set the stroke color and size all on one line. **Type** `stroke 66, black`.",
            "solution": "stroke 66, black"
        },
        {
            "hint": "We’ll make a nice big green circle, so set the drawing color with `color green`",
            "solution": "color green"
        },
        {
            "hint": "Now let’s fill the screen with a big circle by **typing** `circle 200`",
            "solution": "circle 200"
        },
        {
            "hint": "Now here’s something new. We’re going to make a variable. We’ll make it be 100, and anywhere we use the variable will get the value of the variable, which is 100. **Type** `crossSize = 100`",
            "solution": "crossSize = 100"
        },
        {
            "hint": "This should look familiar. **Type** `line crossSize`.",
            "solution": "line crossSize"
        },
        {
            "hint": "See how crossSize means 100? Because it means 100, we can turn it around using the same minus sign we used without the variable. **Type** `line -crossSize`.",
            "solution": "line -crossSize"
        },
        {
            "hint": "Now to draw the bottom part **Type** `line 0, crossSize`.",
            "solution": "line 0, crossSize"
        },
        {
            "hint": "And the top. **Type** `line 0, -crossSize`.",
            "solution": "line 0, -crossSize"
        }
    ],
    "completion_text": "Nice! Now because you have used a variable, you can click on the number and use the slider to change the value of it. Make the plus icon into a shield! Hint: set crossSize to 200.",
    "cover": "hoc-003-variables.png",
    "index": 3,
    "hasNext": true
}