{
    "worlds": [
        {
            "id": "basic",
            "name": "Basic",
            "description": "This is a first set of challenges which will make you started with Make-Art",
            "cover": "world_covers/basic",
            "world_path": "worlds/basic",
            "css_class": "basic-challenges",
            "share_strategy": "optional",
            "type": "normal",
            "challenges_num": 6
        },
        {
            "id": "medium",
            "name": "Medium",
            "description": "Medium challenges",
            "cover": "world_covers/medium",
            "world_path": "worlds/medium",
            "css_class": "medium",
            "dependency": [
                "basic"
            ],
            "share_strategy": "optional",
            "type": "normal",
            "challenges_num": 8
        },
        {
            "id": "pixelhack",
            "name": "Pixel Hack",
            "description": "This is a group of challenges for the hour of code",
            "cover": "world_covers/pixelhack",
            "world_path": "worlds/pixelhack",
            "css_class": "pixelhack",
            "type": "campaign",
            "certificate_after": 2,
            "teachers_guide": "/guides/PixelHackEducatorGuide.zip",
            "share_strategy": "optional",
            "updateForm": {
                "url": "https://docs.google.com/forms/d/1nTJ-waAVLQCO3myxKMDQLafL5Fnf9uTPtiejuH-74sY/formResponse",
                "field": "entry.1965349241"
            },
            "socialText": {
                "email": "Hack your way through video game history with Pixel Hack from Kano!",
                "facebook": "Hack your way through video game history with #PixelHack from Kano",
                "twitter": "Hack your way through video game history with #PixelHack from @TeamKano!\nhttp://art.kano.me/challenges/pixelhack/"
            },
            "challenges_num": 13
        },
        {
            "id": "summercamp",
            "name": "Summercamp",
            "description": "This is a first set of challenges which will make you started with Make-Art",
            "cover": "world_covers/summercamp",
            "world_path": "worlds/summercamp",
            "css_class": "_summercamp",
            "dependency": [
                "medium"
            ],
            "share_strategy": "optional",
            "type": "campaign",
            "challenges_num": 21
        },
        {
            "id": "mischiefweek2015",
            "name": "Mischief Week",
            "description": "This is a Halloween dedicated world",
            "cover": "world_covers/mischiefweek",
            "world_path": "worlds/mischiefweek2015",
            "start_date": "2015-10-26T06:00:00",
            "css_class": "mischiefweek2015",
            "type": "campaign",
            "share_strategy": "optional",
            "sales_popup_after": 2,
            "challenges_num": 7
        }
    ]
}